label,text,source
spam,"Vous avez recu 50000 FCFA via Flooz. Envoyez votre code PIN au 1234 pour debloquer",togo
spam,"Felicitations! Votre numero TMoney a gagne 100000 FCFA. Appelez le 90 00 00 00",togo
spam,"Votre compte Flooz est bloque. Cliquez sur http://flooz-tg-bonus.com pour reactiver",togo
spam,"Mawu, envoie vite 20000 FCFA sur ce numero, c'est ton oncle, urgent",togo
spam,"Togocom: votre facture impayee. Reglez sur tmoney-bonus.net sinon suspension",togo
spam,"Bourse Canada 2026: vous etes selectionne. Envoyez 15000 FCFA frais dossier",togo
spam,"Offre d'emploi: salaire 500000 FCFA/mois. Envoyez CNI + 5000 FCFA sur Flooz",togo
spam,"Alerte: transaction suspecte TMoney. Confirmez code OTP sur http://tmoney-secure.tg",togo
spam,"Promo Moov: doublez votre solde. Rechargez 10000 et recevez 20000. Code: 9090",togo
spam,"Ton colis est bloque au Port de Lome. Paie 25000 FCFA sur ce lien pour debloquer",togo
spam,"Je suis un marabout puissant, double ton argent en 1h. Envoie Flooz maintenant",togo
spam,"Fille, envoie ta photo + 10000 FCFA pour casting novelas, gain assure",togo
spam,"Urgence famille: papa est a l'hopital, envoie 30000 FCFA vite sur TMoney",togo
spam,"Loterie nationale: vous avez gagne. Frais retrait 12000 FCFA via Flooz",togo
spam,"Maman, c'est moi, j'ai change de numero. Envoie credit 5000 vite",togo
ham,"Salut, on se voit au marche Hedzranawoe demain? Les tomates sont moins cheres",togo
ham,"Papa, j'ai bien recu les 5000 FCFA pour le taxi. Merci beaucoup",togo
ham,"Reunion equipe demain 9h au bureau Djanta Tech Hub. Apporte ton PC",togo
ham,"Le cours de maths 3e chapitre vecteurs est disponible sur Kalan",togo
ham,"Bonsoir, le prix du mais au marche Agoe est 450 FCFA le bol ce matin",togo
ham,"N'oublie pas la CPN demain au centre de sante. Prends le carnet",togo
ham,"Match ce soir? On regarde chez Kofi, apporte le pain",togo
ham,"Ton dossier candidature AI4Youth est bien recu. Bonne chance!",togo
ham,"Wharf: conteneur arrive jeudi. Papiers OK pour dedouanement",togo
ham,"Efo, mi le Hedzranawoe, prix gari 600 FCFA. Viens vite",togo
ham,"Bon courage pour le BAC blanc demain. Revise les nombres reels",togo
ham,"Transfert Flooz 10000 FCFA recu de +228 90 12 34 56. Solde: 45000",togo
ham,"Pharmacie garde dimanche: pharmacie St Joseph, Rue 12 Lome",togo
ham,"Prof: interro maths vendredi, chapitre intervalles. Bonne revision",togo
ham,"Zemidjan dispo? Viens me prendre carrefour Agoe, apres le marche",togo
